id,Артикул,Название,missing_fields,Ссылка
82155,1207-0476,Ф ФИГУРА Медвежонок девочка,Цвет фольга,https://new.sharik.ru/tovary-dly-prazdnika/baby-bear-fucgsia-1207-0476/
82156,1207-0477,Ф ФИГУРА Медвежонок мальчик,Цвет фольга,https://new.sharik.ru/tovary-dly-prazdnika/baby-bear-blue-1207-0477/
82179,1207-0468,Ф ФИГУРА Лев,Цвет фольга,https://new.sharik.ru/tovary-dly-prazdnika/big-lion-1207-0468/
82226,1207-0417,Ф ФИГУРА Петух,Цвет фольга,https://new.sharik.ru/tovary-dly-prazdnika/cock-1207-0417/
82241,1207-0399,Ф ФИГУРА Бутылка шампанского,Цвет фольга,https://new.sharik.ru/tovary-dly-prazdnika/champagle-bottle-1207-0399/
82380,1207-0034,А ФИГУРА/P30 Бабочка яркая,Цвет фольга,https://new.sharik.ru/tovary-dly-prazdnika/s-shape-bright-butterfly-1207-0034/
82646,1207-1410,Ф ФИГУРА Вертолет милитари,Цвет фольга,https://new.sharik.ru/tovary-dly-prazdnika/helicopter-military-1207-1410/
82809,1207-1500,Ф ФИГУРА Тигренок,Цвет фольга,https://new.sharik.ru/tovary-dly-prazdnika/tiger-cup-black-1207-1500/
82811,1207-1502,Ф ФИГУРА Сердце с мишкой ILY,Цвет фольга,https://new.sharik.ru/tovary-dly-prazdnika/bear-love-much-1207-1502/
82844,1207-1543,А ФИГУРА/P38 Минни танцующая,Цвет фольга,https://new.sharik.ru/tovary-dly-prazdnika/lrg-shpi-xl-minnie-full-body-1207-1543/
82868,1207-1527,А ФИГУРА/P38 Микки танцующий,Цвет фольга,https://new.sharik.ru/tovary-dly-prazdnika/lrg-shpi-xl-mickey-full-body-1207-1527/
83034,1207-1278,Ф ФИГУРА Истребитель милитари,Цвет фольга,https://new.sharik.ru/tovary-dly-prazdnika/superfighter-military-1207-1278/
83171,1207-2157,Г ФИГУРА Маша на велосипеде,Цвет фольга,https://new.sharik.ru/tovary-dly-prazdnika/39-biking-masha-1207-2157/
83188,1207-2055,А ФИГУРА/P40 Елочка милая,Цвет фольга,https://new.sharik.ru/tovary-dly-prazdnika/ult-shp-christmas-tree-with-star-1207-2055/
83195,1207-2073,А ФИГУРА/P38 Щенячий Патруль,Цвет фольга,https://new.sharik.ru/tovary-dly-prazdnika/lrg-shpi-paw-patrol-1207-2073/
83197,1207-2048,Ф ФИГУРА Снеговик весёлый,Цвет фольга,https://new.sharik.ru/tovary-dly-prazdnika/snowman-1207-2048/
83201,1207-2033,А ФИГУРА/P35 Леденец полосатый,Цвет фольга,https://new.sharik.ru/tovary-dly-prazdnika/lrg-shpi-xl-holiday-candy-cane-1207-2033/
83204,1207-2036,А ФИГУРА/P70 Привидение с тыквой,Цвет фольга,https://new.sharik.ru/tovary-dly-prazdnika/multi-blln-ghost-and-pumpkin-1207-2036/
83328,1207-2188,Ф ФИГУРА Щенок в розовом,Цвет фольга,https://new.sharik.ru/tovary-dly-prazdnika/puppy-1207-2188/
83329,1207-2189,Ф ФИГУРА Щенок в желтом,Цвет фольга,https://new.sharik.ru/tovary-dly-prazdnika/bulldog-1207-2189/
83349,1207-2713,А ФИГУРА/P40 HB Шарики цветные,Цвет фольга,https://new.sharik.ru/tovary-dly-prazdnika/28-shpi-holo-primary-rainbow-bday-1207-2713/
83474,1207-1774,А ФИГУРА/P38 My Little Pony радужная,Цвет фольга,https://new.sharik.ru/tovary-dly-prazdnika/lrg-shpi-xl-mlp-rainbow-dash-1207-1774/
83497,1207-1979,Г ФИГУРА Ледяная принцесса,Цвет фольга,https://new.sharik.ru/tovary-dly-prazdnika/235-tiffany-30-1207-1979/
83519,1207-1962,Ф ФИГУРА Малыш мальчик,Цвет фольга,https://new.sharik.ru/tovary-dly-prazdnika/baby-blue-1207-1962/
83520,1207-1963,Ф ФИГУРА Малыш девочка,Цвет фольга,https://new.sharik.ru/tovary-dly-prazdnika/baby-pink-1207-1963/
93717,1207-2749,А ФИГУРА/P38 Щенячий Патруль Чейз,Цвет фольга,https://new.sharik.ru/tovary-dly-prazdnika/lrg-shpi-paw-patrol-chase-1207-2749/
93734,1207-2887,К ФИГУРА Тигренок голова большая,Цвет фольга,https://new.sharik.ru/tovary-dly-prazdnika/big-tiger-1207-2887/
95285,1207-2903,Ф ФИГУРА Мальчик Тим,Цвет фольга,https://new.sharik.ru/tovary-dly-prazdnika/timoteo-1207-2903/
95304,1207-2733,Г ФИГУРА Колокольчик с ленточкой,Цвет фольга,https://new.sharik.ru/tovary-dly-prazdnika/bell-1207-2733/
97935,1207-2809,А ФИГУРА/P35 Единорог радужный голова,Цвет фольга,https://new.sharik.ru/tovary-dly-prazdnika/lrg-shp-rainbow-unicorn-1207-2809/
97949,1207-2808,А ФИГУРА/P35 Вопрос Мальчик или Девочка?,Цвет фольга,https://new.sharik.ru/tovary-dly-prazdnika/lrg-shpi-xl-gender-reveal-1207-2808/
98419,1207-2888,К ФИГУРА Мартышка голова большая,Цвет фольга,https://new.sharik.ru/tovary-dly-prazdnika/big-monkey-1207-2888/
98429,1207-2884,К ФИГУРА Зебра голова большая,Цвет фольга,https://new.sharik.ru/tovary-dly-prazdnika/big-zebra-1207-2884/
98430,1207-2885,К ФИГУРА Корова голова большая,Цвет фольга,https://new.sharik.ru/tovary-dly-prazdnika/big-cow-1207-2885/
98431,1207-2886,К ФИГУРА Львенок голова большая,Цвет фольга,https://new.sharik.ru/tovary-dly-prazdnika/big-lion-1207-2886/
98487,1207-2999,А ФИГУРА/P50 Квадрат с маркером,Цвет фольга,https://new.sharik.ru/tovary-dly-prazdnika/28sqi-hx-wrt-on-chalkboard-bday-prty-1207-2999/
98720,1207-2839,К ФИГУРА Жираф голова большая,Цвет фольга,https://new.sharik.ru/tovary-dly-prazdnika/big-giraffe-1207-2839/
106285,1207-3121,Б ФИГУРА Леденец трость карамельная,Цвет фольга,https://new.sharik.ru/tovary-dly-prazdnika/b-figura-ledenets-trost-karamelnaia-1207-3121/
107200,1207-3165,Б ФИГУРА Единорог радужный,Цвет фольга,https://new.sharik.ru/tovary-dly-prazdnika/b-figura-edinorog-raduzhnyi-1207-3165/
107202,1207-3167,Б ФИГУРА HB Бутылка виски,Цвет фольга,https://new.sharik.ru/tovary-dly-prazdnika/b-figura-hb-butylka-viski-1207-3167/
108569,1207-3321,Ф ФИГУРА РУС Вертолет,Цвет фольга,https://new.sharik.ru/tovary-dly-prazdnika/f-figura-11-rus-vertolet-fm-1207-3321/
109733,1207-3376,Б ФИГУРА HNY Бокал шампанского,Цвет фольга,https://new.sharik.ru/tovary-dly-prazdnika/b-figura-hny-bokal-shampanskogo-1207-3376/
109738,1207-3375,Б ФИГУРА CHEERS NEW YEAR Бутылка шамп,Цвет фольга,https://new.sharik.ru/tovary-dly-prazdnika/b-figura-cheers-new-year-butylka-shamp-1207-3375/
117189,1207-3621,А ФИГУРА/P38 Холодное Cердце II,Цвет фольга,https://new.sharik.ru/tovary-dly-prazdnika/a-figura-p38-kholodnoe-cerdtse-ii-1207-3621/
117776,1207-3751,Ф ФИГУРА Коала,Цвет фольга,https://new.sharik.ru/tovary-dly-prazdnika/f-figura-11-koala-1207-3751/
118316,1207-3834,Ф ФИГУРА Ленивец,Цвет фольга,https://new.sharik.ru/tovary-dly-prazdnika/f-figura-11-lenivets-1207-3834/
118724,1207-3840,А ФИГУРА/P38 Микки Маус голова,Цвет фольга,https://new.sharik.ru/tovary-dly-prazdnika/a-figura-p38-mikki-maus-golova-1207-3840/
118936,1207-3924,Ф ФИГУРА Лама,Цвет фольга,https://new.sharik.ru/tovary-dly-prazdnika/f-figura-11-lama-1207-3924/
119752,1207-3974,А ФИГУРА/S60 Облако с глазами переливы,Коллекция,https://new.sharik.ru/tovary-dly-prazdnika/a-figura-s60-oblako-s-glazami-perelivy-1207-3974/
119794,1207-4028,К ФИГУРА Три Кота Карамелька,Торговая марка,https://new.sharik.ru/tovary-dly-prazdnika/k-figura-tri-kota-karamelka-1207-4028/
120513,1207-4079,Б ФИГУРА Камера,Коллекция,https://new.sharik.ru/tovary-dly-prazdnika/b-figura-kamera-1207-4079/
120518,1207-4071,Б ФИГУРА Олень с шарфом,Коллекция,https://new.sharik.ru/tovary-dly-prazdnika/b-figura-olen-s-sharfom-1207-4071/
120741,1207-4097,А ФИГУРА/P35 Динозаврик Малыш,Коллекция,https://new.sharik.ru/tovary-dly-prazdnika/a-figura-p35-dinozavrik-malysh-1207-4097/
120748,1207-4102,А ФИГУРА/P41 LITTLE STAR ЗвездочкаСпящая,Коллекция,https://new.sharik.ru/tovary-dly-prazdnika/a-figura-p41-little-star-zvezdochkaspiashchaia-120/
120749,1207-4098,А ФИГУРА/P35 Самосвал,Коллекция,https://new.sharik.ru/tovary-dly-prazdnika/a-figura-p35-samosval-1207-4098/
120842,1207-4127,А ФИГУРА/P70 AIR НГ Снеговик,Размеры/Габариты,https://new.sharik.ru/tovary-dly-prazdnika/a-figura-p70-air-ng-snegovik-1207-4127/
120846,1207-4128,А ФИГУРА/P70 AIR НГ Елочка,Размеры/Габариты,https://new.sharik.ru/tovary-dly-prazdnika/a-figura-p70-air-ng-elochka-1207-4128/
120853,1207-4126,А ФИГУРА/P70 AIR НГ Щелкунчик,Размеры/Габариты,https://new.sharik.ru/tovary-dly-prazdnika/a-figura-p70-air-ng-shchelkunchik-1207-4126/
121141,1207-4192,Ф ФИГУРА Пчела весёлая,Цвет фольга;Коллекция,https://new.sharik.ru/tovary-dly-prazdnika/f-figura-11-pchela-vesiolaia-1207-4192/
121170,1207-4198,К ФИГУРА Три Кота Компот,Торговая марка,https://new.sharik.ru/tovary-dly-prazdnika/k-figura-tri-kota-kompot-1207-4198/
121171,1207-4199,К ФИГУРА Три Кота Коржик,Торговая марка,https://new.sharik.ru/tovary-dly-prazdnika/k-figura-tri-kota-korzhik-1207-4199/
121391,1207-4220,Г ФИГУРА Мадам Си-Си Леопард,Цвет фольга,https://new.sharik.ru/tovary-dly-prazdnika/g-figura-madam-si-si-leopard-1207-4220/
121393,1207-4219,Г ФИГУРА Мистер Пи-Пи Леопард,Цвет фольга,https://new.sharik.ru/tovary-dly-prazdnika/g-figura-mister-pi-pi-leopard-1207-4219/
121577,1207-4233,А ФИГУРА/A75 AIR Малыш сидячий,Цвет фольга,https://new.sharik.ru/tovary-dly-prazdnika/a-figura-a75-malysh-sidiachii-1207-4233/
121853,1207-4293,Ф ФИГУРА Сова,Цвет фольга,https://new.sharik.ru/tovary-dly-prazdnika/f-figura-11-sova-1207-4293/
122427,1207-4321,Ф ФИГУРА Дракон оранжевый,Коллекция,https://new.sharik.ru/tovary-dly-prazdnika/f-figura-11-drakon-oranzhevyi-1207-4321/
122430,1207-4319,Ф ФИГУРА Дракон,Коллекция,https://new.sharik.ru/tovary-dly-prazdnika/f-figura-11-drakon-1207-4319/
122431,1207-4320,Ф ФИГУРА Дракон фиолетовый,Коллекция,https://new.sharik.ru/tovary-dly-prazdnika/f-figura-11-drakon-fioletovyi-1207-4320/
122452,1207-4322,Ф ФИГУРА Дракон зеленый,Коллекция,https://new.sharik.ru/tovary-dly-prazdnika/f-figura-11-drakon-zelenyi-1207-4322/
123037,1207-4439,Ф ФИГУРА Попугай,Цвет фольга,https://new.sharik.ru/tovary-dly-prazdnika/f-figura-11-popugai-1207-4439/
123327,1207-4504,А ФИГУРА/P40 HWN Скелет Переливы,Коллекция,https://new.sharik.ru/tovary-dly-prazdnika/a-figura-p40-hwn-skelet-perelivy-1207-4504/
123804,1207-4561,А ФИГУРА/P35 Санта улыбающийся сатин,Коллекция,https://new.sharik.ru/tovary-dly-prazdnika/a-figura-p35-santa-ulybaiushchiisia-satin-1207-456/
123811,1207-4564,А ФИГУРА/P35 Робот влюбленный сердца Red,Цвет фольга,https://new.sharik.ru/tovary-dly-prazdnika/a-figura-p35-robot-vliublennyi-serdtsa-red-1207-45/
123828,1207-4572,ПД ФИГУРА AIR Елка новогодняя,Коллекция,https://new.sharik.ru/tovary-dly-prazdnika/pd-figura-air-elka-novogodniaia-1207-4572/
123872,1207-4585,К ФИГУРА ПОЗДРАВЛЯЮ Бутылка шампанского,Коллекция,https://new.sharik.ru/tovary-dly-prazdnika/k-figura-pozdravliaiu-butylka-shampanskogo-1207-45/
123881,1207-4586,К ФИГУРА Бокал шампанского,Коллекция,https://new.sharik.ru/tovary-dly-prazdnika/k-figura-bokal-shampanskogo-1207-4586/
124014,1207-4590,Р ФИГУРА Три Кота Голова Компот,Цвет фольга,https://new.sharik.ru/tovary-dly-prazdnika/r-figura-tri-kota-golova-kompot-1207-4590/
124015,1207-4593,Р ФИГУРА Три Кота Голова Коржик,Цвет фольга,https://new.sharik.ru/tovary-dly-prazdnika/r-figura-tri-kota-golova-korzhik-1207-4593/
124472,1207-4640,А ФИГУРА/S50 Тукан дикий,Цвет фольга,https://new.sharik.ru/tovary-dly-prazdnika/a-figura-s50-tukan-dikii-1207-4640/
125824,1207-4974,К ФИГУРА Малыш девочка,Цвет фольга,https://new.sharik.ru/tovary-dly-prazdnika/k-figura-malysh-devochka-1207-4974/
125825,1207-4975,К ФИГУРА Фея,Цвет фольга,https://new.sharik.ru/tovary-dly-prazdnika/k-figura-feia-1207-4975/
126733,1207-5160,К ФИГУРА Помада губная красная,Цвет фольга,https://new.sharik.ru/tovary-dly-prazdnika/k-figura-pomada-gubnaia-krasnaia-1207-5160/
126734,1207-5161,К ФИГУРА Помада губная розовая,Цвет фольга,https://new.sharik.ru/tovary-dly-prazdnika/k-figura-pomada-gubnaia-rozovaia-1207-5161/
126811,1207-5164,К ФИГУРА Роза акварель,Коллекция,https://new.sharik.ru/tovary-dly-prazdnika/k-figura-sdr-rozy-pastel-1207-5164/
126813,1207-5166,К ФИГУРА Человек-Паук в полете,Цвет фольга,https://new.sharik.ru/tovary-dly-prazdnika/k-figura-chelovek-pauk-v-polete-1207-5166/
126815,1207-5168,К ФИГУРА Яблоко надкусанное,Коллекция,https://new.sharik.ru/tovary-dly-prazdnika/k-figura-iabloko-nadkusannoe-1207-5168/
126826,1207-5176,К ФИГУРА Друзья Монстрик синий,Коллекция,https://new.sharik.ru/tovary-dly-prazdnika/k-figura-monstrik-goluboi-1207-5176/
126827,1207-5177,К ФИГУРА Друзья Монстрик красный,Цвет фольга;Коллекция,https://new.sharik.ru/tovary-dly-prazdnika/k-figura-monstrik-rozovyi-1207-5177/
126897,1207-5181,П ФИГУРА 6 Конфетная машина с сердцами,Цвет фольга,https://new.sharik.ru/tovary-dly-prazdnika/p-figura-6-konfetnaia-mashina-s-serdtsami-1207-5181/
126898,1207-5182,П ФИГУРА 6 Радуга Бохо,Цвет фольга,https://new.sharik.ru/tovary-dly-prazdnika/p-figura-6-raduga-bokho-1207-5182/
127195,1207-5230,К ФИГУРА Фиксики Нолик,Цвет фольга,https://new.sharik.ru/tovary-dly-prazdnika/k-figura-fiksiki-nolik-1207-5230/
127196,1207-5231,К ФИГУРА Фиксики Симка,Цвет фольга,https://new.sharik.ru/tovary-dly-prazdnika/k-figura-fiksiki-simka-1207-5231/
127313,1207-5240,К ФИГУРА Мишка мармеладный,Коллекция,https://new.sharik.ru/tovary-dly-prazdnika/k-figura-mishka-marmeladnyi-1207-5240/
127333,1207-5242,К ФИГУРА Лев в джунглях,Цвет фольга;Коллекция,https://new.sharik.ru/tovary-dly-prazdnika/k-figura-lion-1207-5242/
127334,1207-5243,К ФИГУРА Овечка бело-серая,Цвет фольга;Коллекция,https://new.sharik.ru/tovary-dly-prazdnika/k-figura-sheep-1-1207-5243/
127335,1207-5244,К ФИГУРА Овечка розовая,Цвет фольга;Коллекция,https://new.sharik.ru/tovary-dly-prazdnika/k-figura-sheep-rose-1207-5244/
127336,1207-5245,К ФИГУРА Овечка белая,Цвет фольга,https://new.sharik.ru/tovary-dly-prazdnika/k-figura-sheep-white-1207-5245/
127338,1207-5247,К ФИГУРА Заяц белый с ушком,Цвет фольга;Коллекция,https://new.sharik.ru/tovary-dly-prazdnika/k-figura-rabbit-white-1207-5247/
127339,1207-5248,К ФИГУРА Заяц белый с морковкой,Цвет фольга;Коллекция,https://new.sharik.ru/tovary-dly-prazdnika/k-figura-rabbit-and-carrot-1207-5248/
127340,1207-5249,К ФИГУРА Заяц цветочный ободок розовый,Цвет фольга;Коллекция,https://new.sharik.ru/tovary-dly-prazdnika/k-figura-bunny-pink-1207-5249/
127341,1207-5250,К ФИГУРА Заяц цветочный ободок голубой,Цвет фольга;Коллекция,https://new.sharik.ru/tovary-dly-prazdnika/k-figura-bunny-blue-1207-5250/
127342,1207-5251,К ФИГУРА Заяц цветочный ободок белый,Цвет фольга;Коллекция,https://new.sharik.ru/tovary-dly-prazdnika/k-figura-bunny-white-1207-5251/
127343,1207-5252,К ФИГУРА Котенок с цветком,Цвет фольга;Коллекция,https://new.sharik.ru/tovary-dly-prazdnika/k-figura-kitty-1207-5252/
127344,1207-5253,К ФИГУРА Заяц сиреневый,Цвет фольга;Коллекция,https://new.sharik.ru/tovary-dly-prazdnika/k-figura-bunny-purple-1207-5253/
127348,1207-5257,К ФИГУРА Мишка удивленный,Цвет фольга;Коллекция,https://new.sharik.ru/tovary-dly-prazdnika/k-figura-bear-1207-5257/
127352,1207-5261,К ФИГУРА Машина джип красный,Цвет фольга;Коллекция,https://new.sharik.ru/tovary-dly-prazdnika/k-figura-red-car-1207-5261/
127353,1207-5262,К ФИГУРА Машина ретро красная,Цвет фольга;Коллекция,https://new.sharik.ru/tovary-dly-prazdnika/k-figura-red-retro-car-1207-5262/
127356,1207-5265,К ФИГУРА Кексик бирюзовый,Цвет фольга;Коллекция,https://new.sharik.ru/tovary-dly-prazdnika/k-figura-cake-1207-5265/
127357,1207-5266,К ФИГУРА Человек-Паук Spider,Цвет фольга;Коллекция,https://new.sharik.ru/tovary-dly-prazdnika/k-figura-spider-man-1207-5266/
127359,1207-5268,К ФИГУРА Мышка Маус девочка,Цвет фольга;Коллекция,https://new.sharik.ru/tovary-dly-prazdnika/k-figura-mause-girl-1207-5268/
127360,1207-5269,К ФИГУРА Мышка Маус мальчик,Цвет фольга;Коллекция,https://new.sharik.ru/tovary-dly-prazdnika/k-figura-mause-boy-1207-5269/
127363,1207-5272,К ФИГУРА Паук черный,Коллекция,https://new.sharik.ru/tovary-dly-prazdnika/k-figura-spider-black-1207-5272/
127364,1207-5273,К ФИГУРА Мышь летучая черная,Коллекция,https://new.sharik.ru/tovary-dly-prazdnika/k-figura-bat-black-1207-5273/
127368,1207-5277,К ФИГУРА Мумия,Коллекция,https://new.sharik.ru/tovary-dly-prazdnika/k-figura-mummy-1207-5277/
127369,1207-5278,К ФИГУРА Монстрик девочка,Коллекция,https://new.sharik.ru/tovary-dly-prazdnika/k-figura-monstr-violet-1207-5278/
127419,1207-5291,К ФИГУРА Паук Spider голова,Коллекция,https://new.sharik.ru/tovary-dly-prazdnika/k-figura-pauk-spider-golova-1207-5291/
127420,1207-5292,К ФИГУРА Бэтмен голова,Коллекция,https://new.sharik.ru/tovary-dly-prazdnika/k-figura-betmen-golova-1207-5292/
127421,1207-5293,К ФИГУРА Ежик Аниме шагающий синий,Цвет фольга,https://new.sharik.ru/tovary-dly-prazdnika/k-figura-ezhik-anime-shagaiushchii-sinnii-1207-5293/
127422,1207-5294,К ФИГУРА Желудь,Коллекция,https://new.sharik.ru/tovary-dly-prazdnika/k-figura-zhelud-1207-5294/
127423,1207-5295,К ФИГУРА Тыква осенняя,Коллекция,https://new.sharik.ru/tovary-dly-prazdnika/k-figura-tykva-osenniaia-1207-5295/
127426,1207-5298,К ФИГУРА Пчела улыбчивая золотая,Цвет фольга;Коллекция,https://new.sharik.ru/tovary-dly-prazdnika/k-figura-pchela-ulybchivaia-zolotaia-1207-5298/
127427,1207-5299,К ФИГУРА Гном паук фиолетовый,Коллекция,https://new.sharik.ru/tovary-dly-prazdnika/k-figura-gnom-pauk-fioletovyi-1207-5299/
127428,1207-5300,К ФИГУРА Гном паук зеленый,Коллекция,https://new.sharik.ru/tovary-dly-prazdnika/k-figura-gnom-pauk-zelenyi-1207-5300/
127429,1207-5301,К ФИГУРА Гном паук оранжевый,Коллекция,https://new.sharik.ru/tovary-dly-prazdnika/k-figura-gnom-pauk-oranzhevyi-1207-5301/
127435,1207-5307,К ФИГУРА Зомби 2 ст,Цвет фольга;Коллекция,https://new.sharik.ru/tovary-dly-prazdnika/k-figura-zombi-2-st-1207-5307/
127436,1207-5308,К ФИГУРА AIR Гирлянда букв С ДР RoseGold,Коллекция,https://new.sharik.ru/tovary-dly-prazdnika/k-figura-air-girlianda-bukv-s-dr-rosegold-1207-5308/
127437,1207-5309,К ФИГУРА AIR Гирлянда буквы С ДР Gold,Коллекция,https://new.sharik.ru/tovary-dly-prazdnika/k-figura-air-girlianda-bukvy-s-dr-gold-1207-5309/
127438,1207-5310,К ФИГУРА AIR Гирлянда букв С ДР Silver,Коллекция,https://new.sharik.ru/tovary-dly-prazdnika/k-figura-air-girlianda-bukv-s-dr-silver-1207-5310/
127511,1207-5312,К ФИГУРА AIR Гирлянда буквы HWN кровавые,Цвет фольга,https://new.sharik.ru/tovary-dly-prazdnika/k-figura-air-girlianda-bukvy-hwn-krovavye-1207-5312/
127967,1207-5419,К ФИГУРА Монстрик зубастый коричневый,Коллекция,https://new.sharik.ru/tovary-dly-prazdnika/k-figura-koleso-s-dr-1207-5419/
127970,1207-5422,К ФИГУРА Джек Скеллингтон 2ст,Цвет фольга;Коллекция,https://new.sharik.ru/tovary-dly-prazdnika/k-figura-dzhek-skellington-2st-1207-5422/
127973,1207-5425,К ФИГУРА Бабочка розово-голубая,Цвет фольга,https://new.sharik.ru/tovary-dly-prazdnika/k-figura-babochka-rozovo-golubaia-1207-5425/
127978,1207-5430,К ФИГУРА Девочка Алиса,Цвет фольга,https://new.sharik.ru/tovary-dly-prazdnika/k-figura-devochka-alisa-1207-5430/
128023,1207-5440,Г ФИГУРА AIR Бутылка виски,Коллекция,https://new.sharik.ru/tovary-dly-prazdnika/g-figura-air-butylka-viski-1207-5440/
128059,1207-5457,К ФИГУРА AIR Гирлянда летняя,Коллекция,https://new.sharik.ru/tovary-dly-prazdnika/k-figura-air-girlianda-letniaia-1207-5457/
128071,1207-5468,К ФИГУРА Улитка,Коллекция,https://new.sharik.ru/tovary-dly-prazdnika/k-figura-ulitka-1207-5468/
128073,1207-5470,К ФИГУРА HB Клякса,Коллекция,https://new.sharik.ru/tovary-dly-prazdnika/k-figura-hb-kliaksa-1207-5470/
128075,1207-5472,К ФИГУРА HB Воздушный шар,Коллекция,https://new.sharik.ru/tovary-dly-prazdnika/k-figura-hb-vozdushnyi-shar-1207-5472/
128080,1207-5477,К ФИГУРА Очки Сердца,Коллекция,https://new.sharik.ru/tovary-dly-prazdnika/k-figura-ochki-serdtsa-1207-5477/
128082,1207-5479,К ФИГУРА Воздушный шар сердце с мишками,Коллекция,https://new.sharik.ru/tovary-dly-prazdnika/k-figura-vozdushnyi-shar-serdtse-s-mishkami-1207-5479/
128114,1207-5497,К ФИГУРА Олень лесной,Цвет фольга;Коллекция,https://new.sharik.ru/tovary-dly-prazdnika/k-figura-olen-lesnoi-1207-5497/
128115,1207-5498,К ФИГУРА Санта голова,Цвет фольга;Коллекция,https://new.sharik.ru/tovary-dly-prazdnika/k-figura-santa-golova-1207-5498/
128116,1207-5499,К ФИГУРА Гном красный с рогами,Цвет фольга;Коллекция,https://new.sharik.ru/tovary-dly-prazdnika/k-figura-gnom-krasnyi-s-rogami-1207-5499/
128117,1207-5500,К ФИГУРА Гном зеленый с рогами,Цвет фольга;Коллекция,https://new.sharik.ru/tovary-dly-prazdnika/k-figura-gnom-zelenyi-s-rogami-1207-5500/
128118,1207-5501,К ФИГУРА Елка и игрушки,Коллекция,https://new.sharik.ru/tovary-dly-prazdnika/k-figura-elka-i-igrushki-1207-5501/
128291,1207-5526,К ФИГУРА Водопроводчик усатый Марио,Коллекция,https://new.sharik.ru/tovary-dly-prazdnika/k-figura-vodoprovodchik-usatyi-mario-1207-5526/
128614,1207-5581,Г ФИГУРА Соник,Коллекция,https://new.sharik.ru/tovary-dly-prazdnika/g-figura-sonik-1207-5581/
128615,1207-5582,Г ФИГУРА Щенок Блу,Коллекция,https://new.sharik.ru/tovary-dly-prazdnika/g-figura-shchenok-blu-1207-5582/
128617,1207-5584,Г ФИГУРА Человек Паук,Коллекция,https://new.sharik.ru/tovary-dly-prazdnika/g-figura-chelovek-pauk-1207-5584/
128619,1207-5586,Г ФИГУРА Кот-единорог с крыльями,Коллекция,https://new.sharik.ru/tovary-dly-prazdnika/g-figura-kot-edinorog-s-kryliami-1207-5586/
128660,1207-5600,А ФИГУРА/P35 Мишка белый на коньках,Цвет фольга;Коллекция,https://new.sharik.ru/tovary-dly-prazdnika/a-figura-p35-mishka-belyi-na-konkakh-1207-5600/
128661,1207-5601,А ФИГУРА/P35 Олень,Цвет фольга;Коллекция,https://new.sharik.ru/tovary-dly-prazdnika/a-figura-p35-olen-1207-5601/
128756,1207-5610,ПД ФИГУРА Губы KISS ME,Коллекция,https://new.sharik.ru/tovary-dly-prazdnika/pd-figura-guby-kiss-me-1207-5610/
128757,1207-5611,ПД ФИГУРА Птеродактиль,Коллекция,https://new.sharik.ru/tovary-dly-prazdnika/pd-figura-pterodaktil-1207-5611/
128758,1207-5612,ПД ФИГУРА Китенок с короной,Коллекция,https://new.sharik.ru/tovary-dly-prazdnika/pd-figura-kitenok-s-koronoi-1207-5612/
128766,1207-5613,ПД ФИГУРА Мышка голова,Коллекция,https://new.sharik.ru/tovary-dly-prazdnika/pd-figura-myshka-golova-1207-5613/
128773,1207-5618,ПД ФИГУРА Погремушка Мишка,Коллекция,https://new.sharik.ru/tovary-dly-prazdnika/pd-figura-pogremushka-mishka-1207-5618/
128774,1207-5619,ПД ФИГУРА Цветок,Коллекция,https://new.sharik.ru/tovary-dly-prazdnika/pd-figura-tsvetok-1207-5619/
128775,1207-5620,ПД ФИГУРА Мишка в штанишках,Коллекция,https://new.sharik.ru/tovary-dly-prazdnika/pd-figura-mishka-v-shtanishkakh-1207-5620/
128776,1207-5621,ПД ФИГУРА Лимон,Коллекция,https://new.sharik.ru/tovary-dly-prazdnika/pd-figura-limon-1207-5621/
128777,1207-5622,ПД ФИГУРА Овечка голова,Коллекция,https://new.sharik.ru/tovary-dly-prazdnika/pd-figura-ovechka-golova-1207-5622/
128778,1207-5623,ПД ФИГУРА Зайка с цветком голова,Коллекция,https://new.sharik.ru/tovary-dly-prazdnika/pd-figura-zaika-s-tsvetkom-golova-1207-5623/
128779,1207-5624,ПД ФИГУРА Зебра,Коллекция,https://new.sharik.ru/tovary-dly-prazdnika/pd-figura-zebra-1207-5624/
128842,1207-5635,К ФИГУРА Голубь,Коллекция,https://new.sharik.ru/tovary-dly-prazdnika/k-figura-golub-1207-5635/
128940,1207-5653,К ФИГУРА Буба,Коллекция;Торговая марка,https://new.sharik.ru/tovary-dly-prazdnika/k-figura-buba-1207-5653/
128941,1207-5654,К ФИГУРА Синий трактор,Коллекция;Торговая марка,https://new.sharik.ru/tovary-dly-prazdnika/k-figura-sinii-traktor-1207-5654/
129001,1207-5659,К ФИГУРА Звезда Выпускник,Коллекция,https://new.sharik.ru/tovary-dly-prazdnika/k-figura-zvezda-vypusknik-1207-5659/
129164,1207-5674,К ФИГУРА Мишка милый,Цвет фольга;Коллекция,https://new.sharik.ru/tovary-dly-prazdnika/k-figura-mishka-milyi-1207-5674/
129236,1207-5690,К ФИГУРА Мишка с тортом,Коллекция,https://new.sharik.ru/tovary-dly-prazdnika/k-figura-mishka-s-tortom-1207-5690/
129237,1207-5691,К ФИГУРА HB Пингвин в колпаке голова,Коллекция,https://new.sharik.ru/tovary-dly-prazdnika/k-figura-pingvin-v-kolpake-golova-1207-5691/
129355,1207-5692,К ФИГУРА Синий трактор 3D,Коллекция;Торговая марка,https://new.sharik.ru/tovary-dly-prazdnika/k-figura-sinii-traktor-3d-1207-5692/
129482,1207-5728,ПД ФИГУРА Мишка на луне,Коллекция,https://new.sharik.ru/tovary-dly-prazdnika/pd-figura-mishka-na-lune-1207-5728/
129483,1207-5729,ПД ФИГУРА Шмель,Коллекция,https://new.sharik.ru/tovary-dly-prazdnika/pd-figura-shmel-1207-5729/
129484,1207-5730,ПД ФИГУРА Солнце,Коллекция,https://new.sharik.ru/tovary-dly-prazdnika/pd-figura-solntse-1207-5730/
129485,1207-5731,ПД ФИГУРА Голубь White,Коллекция,https://new.sharik.ru/tovary-dly-prazdnika/pd-figura-golub-white-1207-5731/
129486,1207-5732,ПД ФИГУРА Кролик White,Коллекция,https://new.sharik.ru/tovary-dly-prazdnika/pd-figura-krolik-white-1207-5732/
129633,1207-5750,Б ФИГУРА Саксофон,Коллекция,https://new.sharik.ru/tovary-dly-prazdnika/b-figura-saksofon-1207-5750/
129634,1207-5751,Б ФИГУРА Гитара,Коллекция,https://new.sharik.ru/tovary-dly-prazdnika/b-figura-gitara-1207-5751/
129649,1207-5754,Г ФИГУРА Регбийный мяч,Коллекция,https://new.sharik.ru/tovary-dly-prazdnika/g-figura-regbiinyi-miach-1207-5754/
129650,1207-5755,Б ФИГУРА Лягушка,Коллекция,https://new.sharik.ru/tovary-dly-prazdnika/b-figura-liagushka-1207-5755/
129651,1207-5756,Б ФИГУРА Гусеница,Коллекция,https://new.sharik.ru/tovary-dly-prazdnika/b-figura-gusenitsa-1207-5756/
129652,1207-5757,Б ФИГУРА Божья коровка,Коллекция,https://new.sharik.ru/tovary-dly-prazdnika/b-figura-bozhia-korovka-1207-5757/
129658,1207-5763,Г ФИГУРА Забавный дракон,Коллекция,https://new.sharik.ru/tovary-dly-prazdnika/g-figura-zabavnyi-drakon-1207-5763/
129997,1207-5796,Ф ФИГУРА Голова Собаки,Коллекция,https://new.sharik.ru/tovary-dly-prazdnika/f-figura-11-golova-sobaki-1207-5796/
129998,1207-5798,Ф ФИГУРА Голова Выдры,Коллекция,https://new.sharik.ru/tovary-dly-prazdnika/f-figura-11-golova-vydry-1207-5798/
130195,1207-5849,А ФИГУРА/P30 LOVE YOU Радуга сердечная,Цвет фольга,https://new.sharik.ru/tovary-dly-prazdnika/a-figura-p30-love-you-raduga-serdechnaia-1207-5849/
130196,1207-5850,А ФИГУРА/P30 LOVE YOU Шоколад,Цвет фольга,https://new.sharik.ru/tovary-dly-prazdnika/a-figura-p30-love-you-shokolad-1207-5850/
130201,1207-5852,А ФИГУРА/P30 Колибри сатин,Цвет фольга,https://new.sharik.ru/tovary-dly-prazdnika/a-figura-p30-kolibri-satin-1207-5852/
130203,1207-5854,А ФИГУРА/P30 Лягушка с сердцем KISS ME,Цвет фольга,https://new.sharik.ru/tovary-dly-prazdnika/a-figura-p30-liagushka-s-serdtsem-kiss-me-1207-5854/
130205,1207-5856,А ФИГУРА/P30 Птички влюбленные,Цвет фольга,https://new.sharik.ru/tovary-dly-prazdnika/a-figura-p30-ptichki-vliublennye-1207-5856/
130206,1207-5857,А ФИГУРА/P30 Сердце в смокинге с букетом,Цвет фольга,https://new.sharik.ru/tovary-dly-prazdnika/a-figura-p30-serdtse-v-smokinge-s-buketom-1207-5857/
130207,1207-5858,А ФИГУРА/P30 Сова в очках,Цвет фольга,https://new.sharik.ru/tovary-dly-prazdnika/a-figura-p30-sova-v-ochkakh-1207-5858/
130208,1207-5859,А ФИГУРА/P30 Тюлень цирковой,Цвет фольга,https://new.sharik.ru/tovary-dly-prazdnika/a-figura-p30-tiulen-tsirkovoi-1207-5859/
130210,1207-5861,А ФИГУРА/P35 HB Лебедь белый,Цвет фольга;Коллекция,https://new.sharik.ru/tovary-dly-prazdnika/a-figura-p35-hb-lebed-belyi-1207-5861/
130211,1207-5862,А ФИГУРА/P35 Замок из песка,Цвет фольга,https://new.sharik.ru/tovary-dly-prazdnika/a-figura-p35-zamok-iz-peska-1207-5862/
130213,1207-5864,А ФИГУРА/P35 Коляска детская BABY,Цвет фольга,https://new.sharik.ru/tovary-dly-prazdnika/a-figura-p35-koliaska-detskaia-baby-1207-5864/
130215,1207-5866,А ФИГУРА/P35 Кошка-русалка,Цвет фольга,https://new.sharik.ru/tovary-dly-prazdnika/a-figura-p35-koshka-rusalka-1207-5866/
130216,1207-5867,А ФИГУРА/P35 Ленивец розовый,Цвет фольга,https://new.sharik.ru/tovary-dly-prazdnika/a-figura-p35-lenivets-rozovyi-1207-5867/
130217,1207-5868,А ФИГУРА/P35 Ленивец Мама и Малыш,Цвет фольга,https://new.sharik.ru/tovary-dly-prazdnika/a-figura-p35-lenivets-mama-i-malysh-1207-5868/
130218,1207-5869,А ФИГУРА/P35 Машина пожарная,Цвет фольга,https://new.sharik.ru/tovary-dly-prazdnika/a-figura-p35-mashina-pozharnaia-1207-5869/
130222,1207-5874,А ФИГУРА/P35 Праздник на ферме,Цвет фольга,https://new.sharik.ru/tovary-dly-prazdnika/a-figura-p35-prazdnik-na-ferme-1207-5874/
130228,1207-5880,А ФИГУРА/S50 Колпак,Цвет фольга,https://new.sharik.ru/tovary-dly-prazdnika/a-figura-s50-kolpak-1207-5880/
130272,1207-5886,А ФИГУРА/P35 Пчела тай-дай,Цвет фольга,https://new.sharik.ru/tovary-dly-prazdnika/a-figura-p35-pchela-tai-dai-1207-5886/
130273,1207-5887,А ФИГУРА/S50 Лиса с сердечками,Цвет фольга,https://new.sharik.ru/tovary-dly-prazdnika/a-figura-s50-lisa-s-serdechkami-1207-5887/
130275,1207-5889,А ФИГУРА/P35 Кот Тыква Джека с конфетами,Цвет фольга,https://new.sharik.ru/tovary-dly-prazdnika/a-figura-p35-kot-tykva-dzheka-s-konfetami-1207-5889/
130276,1207-5890,А ФИГУРА/P40 Паутина с пауками переливы,Цвет фольга,https://new.sharik.ru/tovary-dly-prazdnika/a-figura-p35-kot-tykva-dzheka-s-konfetami-1207-5890/
130448,1207-5898,Б ФИГУРА Хамелеон,Коллекция,https://new.sharik.ru/tovary-dly-prazdnika/b-figura-khameleon-1207-5898/
130449,1207-5899,Б ФИГУРА Сомбреро,Коллекция,https://new.sharik.ru/tovary-dly-prazdnika/b-figura-sombrero-1207-5899/
130450,1207-5900,Б ФИГУРА Гитара мексиканская,Коллекция,https://new.sharik.ru/tovary-dly-prazdnika/b-figura-gitara-meksikanskaia-1207-5900/
130454,1207-5904,Б ФИГУРА Голова Санты,Коллекция,https://new.sharik.ru/tovary-dly-prazdnika/b-figura-golova-santy-1207-5904/
130513,1207-5935,Б ФИГУРА Голова Снеговика,Коллекция,https://new.sharik.ru/tovary-dly-prazdnika/b-figura-golova-snegovika-1207-5935/
130521,1207-5944,Б ФИГУРА Бокал коктейльный,Коллекция,https://new.sharik.ru/tovary-dly-prazdnika/b-figura-bokal-kokteilnyi-1207-5944/
130538,1207-5946,К ФИГУРА Доллар,Коллекция,https://new.sharik.ru/tovary-dly-prazdnika/k-figura-dollar-1207-5946/
130541,1207-5949,К ФИГУРА Вишня розовая,Коллекция,https://new.sharik.ru/tovary-dly-prazdnika/k-figura-vishnia-rozovaia-1207-5949/
130542,1207-5950,К ФИГУРА Вишня красная,Коллекция,https://new.sharik.ru/tovary-dly-prazdnika/k-figura-vishnia-krasnaia-1207-5950/
130544,1207-5952,К ФИГУРА Велосипед с цветами,Коллекция,https://new.sharik.ru/tovary-dly-prazdnika/k-figura-velosiped-s-tsvetami-1207-5952/
130622,1207-5955,А ФИГУРА/P35 След,Цвет фольга,https://new.sharik.ru/tovary-dly-prazdnika/a-figura-p35-sled-1207-5955/
130623,1207-5956,А ФИГУРА/P35 Лак для ногтей,Цвет фольга,https://new.sharik.ru/tovary-dly-prazdnika/a-figura-p35-lak-dlia-nogtei-1207-5956/
130624,1207-5957,А ФИГУРА/P35 Помада,Цвет фольга,https://new.sharik.ru/tovary-dly-prazdnika/a-figura-p35-pomada-1207-5957/
130625,1207-5958,А ФИГУРА/P35 Аист белый сатин,Цвет фольга,https://new.sharik.ru/tovary-dly-prazdnika/a-figura-p35-aist-belyi-satin-1207-5958/
130676,1207-5968,К ФИГУРА Кузя,Коллекция,https://new.sharik.ru/tovary-dly-prazdnika/k-figura-kuzia-1207-5968/
130826,1207-5993,К ФИГУРА Шапка Деда Мороза,Коллекция,https://new.sharik.ru/tovary-dly-prazdnika/k-figura-shapka-deda-moroza-1207-5993/
130832,1207-5994,А ФИГУРА/P35 Привидение со сладостями,Цвет фольга,https://new.sharik.ru/tovary-dly-prazdnika/a-figura-p35-prividenie-so-sladostiami-1207-5994/
130833,1207-5995,А ФИГУРА/P35 Тыква со сладостями,Цвет фольга,https://new.sharik.ru/tovary-dly-prazdnika/a-figura-p35-tykva-so-sladostiami-1207-5995/
130834,1207-5996,А ФИГУРА/P35 Паровоз Полярный экспресс,Цвет фольга,https://new.sharik.ru/tovary-dly-prazdnika/a-figura-p35-parovoz-poliarnyi-ekspress-1207-5996/
130835,1207-5997,А ФИГУРА/P35 Носок новогодний и Мишка,Цвет фольга,https://new.sharik.ru/tovary-dly-prazdnika/a-figura-p35-nosok-novogodnii-i-mishka-1207-5997/
130836,1207-5998,А ФИГУРА/P35 Эльф в розовом колпаке,Цвет фольга,https://new.sharik.ru/tovary-dly-prazdnika/a-figura-p35-elf-v-rozovom-kolpake-1207-5998/
130845,1207-5999,ПД ФИГУРА Очки сердечки,Коллекция,https://new.sharik.ru/tovary-dly-prazdnika/pd-figura-ochki-serdechki-1207-5999/
130846,1207-6000,ПД ФИГУРА Мишка на луне Pink,Коллекция,https://new.sharik.ru/tovary-dly-prazdnika/pd-figura-mishka-na-lune-pink-1207-6000/
130847,1207-6001,ПД ФИГУРА Кошка White,Коллекция,https://new.sharik.ru/tovary-dly-prazdnika/pd-figura-koshka-white-1207-6001/
130848,1207-6002,ПД ФИГУРА Кружка пива,Коллекция,https://new.sharik.ru/tovary-dly-prazdnika/pd-figura-kruzhka-piva-1207-6002/
130875,1207-6005,Ф ФИГУРА Гном,Коллекция,https://new.sharik.ru/tovary-dly-prazdnika/f-figura-11-gnom-1207-6005/
130878,1207-6008,Ф ФИГУРА Школьный автобус,Коллекция,https://new.sharik.ru/tovary-dly-prazdnika/f-figura-11-shkolnyi-avtobus-1207-6008/
130879,1207-6009,Ф ФИГУРА Гусеница,Коллекция,https://new.sharik.ru/tovary-dly-prazdnika/f-figura-11-gusenitsa-1207-6009/
131040,1207-6012,Г ФИГУРА Ролики розовые,Коллекция,https://new.sharik.ru/tovary-dly-prazdnika/g-figura-roliki-rozovye-1207-6012/
131042,1207-6014,Г ФИГУРА Губы,Цвет фольга,https://new.sharik.ru/tovary-dly-prazdnika/g-figura-guby-1207-6014/
131185,1207-6041,К ФИГУРА Человечек Мем с шариком,Коллекция,https://new.sharik.ru/tovary-dly-prazdnika/k-figura-chelovechek-mem-s-sharikom-1207-6041/
131320,1207-6079,А ФИГУРА/P30 Роза Цветочный привет,Цвет фольга,https://new.sharik.ru/tovary-dly-prazdnika/a-figura-p30-roza-tsvetochnyi-privet-1207-6079/
131321,1207-6080,А ФИГУРА/P35 HVD Мишка-ангел,Цвет фольга,https://new.sharik.ru/tovary-dly-prazdnika/a-figura-p35-hvd-mishka-angel-1207-6080/
131322,1207-6081,А ФИГУРА/P35 Мистер Сердце с букетом,Цвет фольга,https://new.sharik.ru/tovary-dly-prazdnika/a-figura-p35-mister-serdtse-s-buketom-1207-6081/
131362,1207-6111,А ФИГУРА/P35 Кот с сердцами-антенками,Цвет фольга,https://new.sharik.ru/tovary-dly-prazdnika/a-figura-p35-kot-s-serdtsami-antenkami-1207-6111/
131363,1207-6112,А ФИГУРА/P35 Собака с сердцами-антенками,Цвет фольга,https://new.sharik.ru/tovary-dly-prazdnika/a-figura-p35-sobaka-s-serdtsami-antenkami-1207-6112/
131364,1207-6113,А ФИГУРА/P35 HVD Цветочный привет,Цвет фольга,https://new.sharik.ru/tovary-dly-prazdnika/a-figura-p35-hvd-tsvetochnyi-privet-1207-6113/
131365,1207-6114,А ФИГУРА/P35 Тюлень,Цвет фольга,https://new.sharik.ru/tovary-dly-prazdnika/a-figura-p35-tiulen-1207-6114/
131366,1207-6115,А ФИГУРА/P35 Черепаха,Цвет фольга,https://new.sharik.ru/tovary-dly-prazdnika/a-figura-p35-cherepakha-1207-6115/
131367,1207-6116,А ФИГУРА/P35 Дельфин,Цвет фольга,https://new.sharik.ru/tovary-dly-prazdnika/a-figura-p35-delfin-1207-6116/
131371,1208-0913,А ФИГУРА/P55 AIR LOVE YOU Мишка с шарами,Цвет фольга,https://new.sharik.ru/tovary-dly-prazdnika/a-figura-p55-air-love-you-mishka-s-sharami-1208-0913/
131372,1208-0914,А ФИГУРА/P70 AIR Мистер Сердце,Цвет фольга,https://new.sharik.ru/tovary-dly-prazdnika/a-figura-p70-air-mister-serdtse-1208-0914/
131450,1207-6129,ПД ФИГУРА AIR Бронтозавр,Коллекция,https://new.sharik.ru/tovary-dly-prazdnika/pd-figura-air-edinorog-1207-6129/
131452,1207-6131,ПД ФИГУРА AIR Крылья со звездами Black,Коллекция,https://new.sharik.ru/tovary-dly-prazdnika/pd-figura-air-krylia-so-zvezdami-black-1207-6131/
131984,1207-6184,Ф ФИГУРА Фургон мороженщика,Коллекция,https://new.sharik.ru/tovary-dly-prazdnika/f-figura-11-furgon-morozhenshchika-1207-6184/
131985,1207-6185,Ф ФИГУРА Пес Коббердог,Коллекция,https://new.sharik.ru/tovary-dly-prazdnika/f-figura-11-pes-kobberdog-1207-6185/
131988,1207-6188,Ф ФИГУРА Милая пчелка,Коллекция,https://new.sharik.ru/tovary-dly-prazdnika/f-figura-11-milaia-pchelka-1207-6188/
132263,1207-6217,К ФИГУРА Мишка милый бежевый с бантом,Цвет фольга;Коллекция,https://new.sharik.ru/tovary-dly-prazdnika/k-figura-mishka-milyi-belyi-s-bantom-1207-6217/
132299,1207-6242,Ф ФИГУРА Капибара,Коллекция,https://new.sharik.ru/tovary-dly-prazdnika/9019gura-11-kapibara-1207-6242/
132314,1207-6249,К ФИГУРА Капибара белая,Коллекция,https://new.sharik.ru/tovary-dly-prazdnika/k-figura-kapibara-belaia-1207-6249/
132315,1207-6250,К ФИГУРА Торт розовый сатин,Коллекция,https://new.sharik.ru/tovary-dly-prazdnika/k-figura-tort-rozovyi-satin-1207-6250/
132316,1207-6251,К ФИГУРА Торт бежевый сатин,Коллекция,https://new.sharik.ru/tovary-dly-prazdnika/k-figura-tort-bezhevyi-satin-1207-6251/
132317,1207-6252,К ФИГУРА Зайка в колпаке,Коллекция,https://new.sharik.ru/tovary-dly-prazdnika/k-figura-zaika-v-kolpake-1207-6252/
132318,1207-6253,К ФИГУРА Бабочка неон розовая,Коллекция,https://new.sharik.ru/tovary-dly-prazdnika/k-figura-babochka-neon-rozovaia-1207-6253/
132319,1207-6254,К ФИГУРА Бабочка неон желтая,Коллекция,https://new.sharik.ru/tovary-dly-prazdnika/k-figura-babochka-neon-zheltaia-1207-6254/
132320,1207-6255,К ФИГУРА Бабочка неон зеленая,Коллекция,https://new.sharik.ru/tovary-dly-prazdnika/k-figura-babochka-neon-zelenaia-1207-6255/
132321,1207-6256,К ФИГУРА Бабочка неон голубая,Коллекция,https://new.sharik.ru/tovary-dly-prazdnika/k-figura-babochka-neon-golubaia-1207-6256/
132339,1207-6258,К ФИГУРА ИГРИСТОГО НАСТРОЕНИЯ Бутылка,Коллекция,https://new.sharik.ru/tovary-dly-prazdnika/k-figura-igristogo-nastroeniia-butylka-1207-6258/
132447,1207-6263,А ФИГУРА/P35 Книга в шапочке выпускника,Цвет фольга,https://new.sharik.ru/tovary-dly-prazdnika/a-figura-p35-kniga-v-shapochke-vypusknika-1207-6263/
132448,1207-6264,А ФИГУРА/P35 Карандаш в очках,Цвет фольга,https://new.sharik.ru/tovary-dly-prazdnika/a-figura-p35-karandash-v-ochkakh-1207-6264/
132449,1207-6265,А ФИГУРА/P35 Пенал,Цвет фольга,https://new.sharik.ru/tovary-dly-prazdnika/a-figura-p35-penal-1207-6265/
132450,1207-6266,А ФИГУРА/P35 Улитка счастливая,Цвет фольга,https://new.sharik.ru/tovary-dly-prazdnika/a-figura-p35-ulitka-schastlivaia-1207-6266/
132451,1207-6267,А ФИГУРА/P35 Ромашка счастливая,Цвет фольга,https://new.sharik.ru/tovary-dly-prazdnika/a-figura-p35-romashka-schastlivaia-1207-6267/
132452,1207-6268,А ФИГУРА/P35 Бабочка розовая сатин,Цвет фольга,https://new.sharik.ru/tovary-dly-prazdnika/a-figura-p35-babochka-rozovaia-satin-1207-6268/
132453,1207-6269,А ФИГУРА/P35 Бабочка голубая сатин,Цвет фольга,https://new.sharik.ru/tovary-dly-prazdnika/a-figura-p35-babochka-golubaia-satin-1207-6269/
132454,1207-6270,А ФИГУРА/P41 Стрекоза сатин,Цвет фольга,https://new.sharik.ru/tovary-dly-prazdnika/a-figura-p41-strekoza-satin-1207-6270/
132471,1207-6277,Г ФИГУРА HB Зайка в кексе,Коллекция,https://new.sharik.ru/tovary-dly-prazdnika/g-figura-hb-zaika-v-kekse-1207-6277/
132625,1207-6295,А ФИГУРА/P35 Месяц и звезды,Цвет фольга,https://new.sharik.ru/tovary-dly-prazdnika/a-figura-p35-mesiats-i-zvezdy-1207-6295/
132627,1207-6297,А ФИГУРА/S50 Радуга радостная пастель,Цвет фольга,https://new.sharik.ru/tovary-dly-prazdnika/a-figura-s50-raduga-radostnaia-pastel-1207-6297/
132629,1207-6299,А ФИГУРА/S50 Пингвин с гирляндой,Цвет фольга,https://new.sharik.ru/tovary-dly-prazdnika/a-figura-s50-pingvin-s-girliandoi-1207-6299/
132640,1207-6300,А ФИГУРА/P35 HB Звери-пираты на корабле,Цвет фольга,https://new.sharik.ru/tovary-dly-prazdnika/a-figura-p35-hb-zveri-piraty-na-korable-1207-6300/
132643,1207-6303,А ФИГУРА/P35 Цыпленок в скорлупе,Цвет фольга,https://new.sharik.ru/tovary-dly-prazdnika/a-figura-p35-tsyplenok-v-skorlupe-1207-6303/
132644,1207-6304,А ФИГУРА/P35 Клубника Сердца,Цвет фольга,https://new.sharik.ru/tovary-dly-prazdnika/a-figura-p35-klubnika-serdtsa-1207-6304/
132645,1207-6306,А ФИГУРА/P35 Снеговик в лесу сатин,Цвет фольга,https://new.sharik.ru/tovary-dly-prazdnika/a-figura-p35-snegovik-v-lesu-1207-6306/
132688,1207-6327,А ФИГУРА/P70 HVD Сердца Цветы сатин,Цвет фольга,https://new.sharik.ru/tovary-dly-prazdnika/a-figura-p70-hvd-serdtsa-tsvety-satin-1207-6327/
132752,1207-6367,К ФИГУРА Кот с тюльпанами и шампанским,Коллекция,https://new.sharik.ru/tovary-dly-prazdnika/k-figura-kot-s-tiulpanami-i-shampanskim-1207-6367/
132818,1207-6433,А ФИГУРА/P35 Подсолнух,Цвет фольга,https://new.sharik.ru/tovary-dly-prazdnika/a-figura-p35-podsolnukh-1207-6433/
132853,1207-6451,Р ФИГУРА Бабл ЛЮБЛЮ ТЕБЯ,Коллекция,https://new.sharik.ru/tovary-dly-prazdnika/r-figura-babl-liubliu-tebia-1207-6451/
132867,1207-6452,Р ФИГУРА Бабл С ДР,Коллекция,https://new.sharik.ru/tovary-dly-prazdnika/r-figura-babl-s-dr-1207-6452/
132961,1207-6462,К ФИГУРА Монстрик зубастый с чашкой,Коллекция,https://new.sharik.ru/tovary-dly-prazdnika/k-figura-monstrik-zubastyi-s-chashkoi-1207-6462/
132989,1207-6465,К ФИГУРА Мешок денежный Доллар,Коллекция,https://new.sharik.ru/tovary-dly-prazdnika/k-figura-meshok-denezhnyi-dollar-1207-6465/
132990,1207-6466,К ФИГУРА Светофор,Коллекция,https://new.sharik.ru/tovary-dly-prazdnika/k-figura-svetofor-1207-6466/
132992,1207-6468,К ФИГУРА Бокал Мартини,Коллекция,https://new.sharik.ru/tovary-dly-prazdnika/k-figura-bokal-martini-1207-6468/
132993,1207-6469,К ФИГУРА Бутылка Пива,Коллекция,https://new.sharik.ru/tovary-dly-prazdnika/k-figura-butylka-piva-1207-6469/
133002,1207-6477,К ФИГУРА Денежная купюра 5000 РУБЛЕЙ,Коллекция,https://new.sharik.ru/tovary-dly-prazdnika/k-figura-denezhnaia-kupiura-5000-rublei-1207-6477/
133042,1207-6479,К ФИГУРА Монстрик зубастый плюшевый фукс,Коллекция,https://new.sharik.ru/tovary-dly-prazdnika/k-figura-monstrik-zubastyi-pliushevyi-fuks-1207-6479/
133075,1207-6480,К ФИГУРА Пенсионное удостоверение,Коллекция,https://new.sharik.ru/tovary-dly-prazdnika/k-figura-pensionnoe-udostoverenie-1207-6480/
133361,1207-6536,А ФИГУРА/P35 Балерина,Коллекция,https://new.sharik.ru/tovary-dly-prazdnika/a-figura-p35-balerina-1207-6536/
133373,1207-6548,А ФИГУРА/P47 Пуанты балерины Цветы 3D,Коллекция,https://new.sharik.ru/tovary-dly-prazdnika/a-figura-p75-puanty-baleriny-1207-6548/
133552,1207-6611,К ФИГУРА Кузя с сундучком,Коллекция,https://new.sharik.ru/tovary-dly-prazdnika/k-figura-kuzia-s-keksom-1207-6611/
133553,1207-6612,К ФИГУРА Кузя летящий на шарике,Коллекция,https://new.sharik.ru/tovary-dly-prazdnika/k-figura-kuzia-letiashchii-na-sharikakh-1207-6612/
133705,1207-6641,К ФИГУРА Дракон сказочный,Коллекция,https://new.sharik.ru/tovary-dly-prazdnika/k-figura-drakon-skazochnyi-1207-6641/
133746,1207-6649,К ФИГУРА Роза пионовидная,Размеры/Габариты,https://new.sharik.ru/tovary-dly-prazdnika/k-figura-roza-pionovidnaia-1207-6649/
133749,1207-6650,Ф ФИГУРА Божья коровка,Размеры/Габариты;Коллекция,https://new.sharik.ru/tovary-dly-prazdnika/f-figura-bozhia-korovka-1207-6650/
133750,1207-6651,Ф ФИГУРА Такса,Размеры/Габариты,https://new.sharik.ru/tovary-dly-prazdnika/f-figura-taksa-1207-6651/
133751,1207-6652,Ф ФИГУРА Лисичка,Размеры/Габариты,https://new.sharik.ru/tovary-dly-prazdnika/f-figura-lisichka-1207-6652/
133752,1207-6653,Ф ФИГУРА Машинка Полиция,Размеры/Габариты,https://new.sharik.ru/tovary-dly-prazdnika/f-figura-mashinka-politsiia-1207-6653/
133825,1207-6666,К ФИГУРА Человечек Мем матовый с шариком,Коллекция,https://new.sharik.ru/tovary-dly-prazdnika/k-figura-chelovechek-mem-matovyi-s-sharikom-1207-6666/
133842,1207-6670,Б ФИГУРА Бант красный,Коллекция,https://new.sharik.ru/tovary-dly-prazdnika/b-figura-bant-krasnyi-1207-6670/
133845,1207-6673,Г ФИГУРА HB Мобильник блеск,Коллекция,https://new.sharik.ru/tovary-dly-prazdnika/g-figura-hb-mobilnik-blesk-1207-6673/
133848,1207-6676,Г ФИГУРА HB Ежик в колпачке,Коллекция,https://new.sharik.ru/tovary-dly-prazdnika/g-figura-hb-ezhik-v-kolpachke-1207-6676/
133852,1207-6677,Р ФИГУРА Тихий омут,Коллекция,https://new.sharik.ru/tovary-dly-prazdnika/r-figura-tikhii-omut-1207-6677/
133853,1207-6678,Р ФИГУРА ТВОЯ ЛЮБОВЬ ОКРЫЛЯЕТ МЕНЯ,Коллекция,https://new.sharik.ru/tovary-dly-prazdnika/r-figura-tvoia-liubov-okryliaet-menia-1207-6678/
133859,1207-6684,К ФИГУРА Жест из пальцев Мир и Победа,Коллекция,https://new.sharik.ru/tovary-dly-prazdnika/k-figura-zhest-iz-paltsev-mir-i-pobeda-1207-6684/
133860,1207-6685,К ФИГУРА Ракетка теннисная зеленая,Коллекция,https://new.sharik.ru/tovary-dly-prazdnika/k-figura-raketka-tennisnaia-zelenaia-1207-6685/
133861,1207-6686,К ФИГУРА Ракетка теннисная розовая,Коллекция,https://new.sharik.ru/tovary-dly-prazdnika/k-figura-raketka-tennisnaia-rozovaia-1207-6686/
133879,1207-6687,К ФИГУРА Колба бутылка химическая,Коллекция,https://new.sharik.ru/tovary-dly-prazdnika/k-figura-kolba-butylka-khimicheskaia-1207-6687/
133880,1207-6688,К ФИГУРА Лапа медведя,Коллекция,https://new.sharik.ru/tovary-dly-prazdnika/k-figura-lapa-medvedia-1207-6688/
133893,1207-6689,К ФИГУРА Тихоня,Коллекция,https://new.sharik.ru/tovary-dly-prazdnika/k-figura-tikhonia-1207-6689/
134166,1207-6731,Р ФИГУРА Пчелка,Коллекция,https://new.sharik.ru/tovary-dly-prazdnika/r-figura-pchelka-1207-6731/
134208,1207-6742,А ФИГУРА/P35 Корзина пасхальная,Коллекция,https://new.sharik.ru/tovary-dly-prazdnika/a-figura-p35-korzina-paskhalnaia-1207-6742/
134209,1207-6743,К ФИГУРА Бокал Апероль,Коллекция,https://new.sharik.ru/tovary-dly-prazdnika/k-figura-bokal-aperol-1207-6743/
134391,1207-6773,К ФИГУРА Кей Поп охотницы Тигр синий,Коллекция,https://new.sharik.ru/tovary-dly-prazdnika/k-figura-kei-pop-okhotnitsy-kot-sinii-1207-6773/
134392,1207-6774,К ФИГУРА Кей Поп охотницы плакат,Коллекция,https://new.sharik.ru/tovary-dly-prazdnika/k-figura-kei-pop-okhotnitsy-plakat-1207-6774/
134393,1207-6775,К ФИГУРА Кей Поп охотницы плакат фиолет,Коллекция,https://new.sharik.ru/tovary-dly-prazdnika/k-figura-kei-pop-okhotnitsy-plakat-fiolet-1207-6775/
134401,1207-6783,К ФИГУРА Бант леопардовый,Коллекция,https://new.sharik.ru/tovary-dly-prazdnika/k-figura-bant-leopardovyi-1207-6783/
134419,1207-6791,К ФИГУРА Бутылка Виски ИДЕАЛЬНАЯ ВЫДЕРЖК,Коллекция,https://new.sharik.ru/tovary-dly-prazdnika/k-figura-butylka-viski-idealnaia-vyderzhk-1207-6791/
134439,1207-6799,К ФИГУРА Птица Ворон фиолетовый,Коллекция,https://new.sharik.ru/tovary-dly-prazdnika/k-figura-ptitsa-voron-fioletovyi-1207-6799/
134440,1207-6800,К ФИГУРА Сова глазастая,Коллекция,https://new.sharik.ru/tovary-dly-prazdnika/k-figura-sova-glazastaia-1207-6800/
134441,1207-6801,К ФИГУРА Кот пушистый,Коллекция,https://new.sharik.ru/tovary-dly-prazdnika/k-figura-kot-pushistyi-1207-6801/
134442,1207-6802,К ФИГУРА Кот рыжий с голубыми глазами,Коллекция,https://new.sharik.ru/tovary-dly-prazdnika/k-figura-kot-ryzhii-s-golubymi-glazami-1207-6802/
134453,1207-6813,К ФИГУРА Конек хоккейный,Коллекция,https://new.sharik.ru/tovary-dly-prazdnika/k-figura-konek-khokkeinyi-1207-6813/
134454,1207-6814,К ФИГУРА Шляпа ковбойская,Коллекция,https://new.sharik.ru/tovary-dly-prazdnika/k-figura-shliapa-kovboiskaia-1207-6814/
134455,1207-6815,К ФИГУРА Клюшка хоккейная,Коллекция,https://new.sharik.ru/tovary-dly-prazdnika/k-figura-kliushka-khokkeinaia-1207-6815/
134457,1207-6817,К ФИГУРА Кей Поп охотницы девочки,Коллекция,https://new.sharik.ru/tovary-dly-prazdnika/k-figura-kei-pop-okhotnitsy-devochki-1207-6817/
134512,1207-6823,К ФИГУРА Три Кота Карамелька Фея,Торговая марка,https://new.sharik.ru/tovary-dly-prazdnika/k-figura-tri-kota-karamelka-feia-1207-6823/
134531,1207-6824,К ФИГУРА Бокал шампанского с бантиком,Коллекция,https://new.sharik.ru/tovary-dly-prazdnika/k-figura-bokal-shampanskogo-s-bantikom-1207-6824/
134555,1207-6828,ПД ФИГУРА Дракон,Коллекция,https://new.sharik.ru/tovary-dly-prazdnika/pd-figura-drakon-1207-6828/
134558,1207-6829,ПД ФИГУРА Корова голова,Цвет фольга,https://new.sharik.ru/tovary-dly-prazdnika/pd-figura-korova-golova-1207-6829/
134559,1207-6830,ПД ФИГУРА Цыпленок голова,Цвет фольга,https://new.sharik.ru/tovary-dly-prazdnika/pd-figura-tsyplenok-golova-1207-6830/
134561,1207-6832,ПД ФИГУРА Собака голова Cream,Цвет фольга,https://new.sharik.ru/tovary-dly-prazdnika/pd-figura-sobaka-golova-cream-1207-6832/
134562,1207-6833,ПД ФИГУРА Кошка голова с золотым бантом,Цвет фольга,https://new.sharik.ru/tovary-dly-prazdnika/pd-figura-koshka-golova-s-zolotym-bantom-1207-6833/
134563,1207-6834,ПД ФИГУРА Мишка голова Cream,Цвет фольга,https://new.sharik.ru/tovary-dly-prazdnika/pd-figura-mishka-golova-cream-1207-6834/
134564,1207-6835,ПД ФИГУРА Лисенок голова,Цвет фольга,https://new.sharik.ru/tovary-dly-prazdnika/pd-figura-lisenok-golova-1207-6835/
134565,1207-6836,ПД ФИГУРА Енот голова,Цвет фольга,https://new.sharik.ru/tovary-dly-prazdnika/pd-figura-enot-golova-1207-6836/
134566,1207-6837,ПД ФИГУРА Мужчина,Цвет фольга;Коллекция,https://new.sharik.ru/tovary-dly-prazdnika/pd-figura-muzhchina-1207-6837/
134567,1207-6838,ПД ФИГУРА Девушка,Цвет фольга;Коллекция,https://new.sharik.ru/tovary-dly-prazdnika/pd-figura-devushka-1207-6838/
134568,1207-6839,ПД ФИГУРА Конфета HAPPY BIRTHDAY,Цвет фольга,https://new.sharik.ru/tovary-dly-prazdnika/pd-figura-konfeta-happy-birthday-1207-6839/
134569,1207-6840,ПД ФИГУРА Полосатая Тыква Cream-Black,Цвет фольга;Коллекция,https://new.sharik.ru/tovary-dly-prazdnika/pd-figura-polosataia-tykva-cream-black-1207-6840/
134570,1207-6841,ПД ФИГУРА Тыква Orange,Цвет фольга;Коллекция,https://new.sharik.ru/tovary-dly-prazdnika/pd-figura-tykva-orange-1207-6841/
134752,1207-6846,Р ФИГУРА Облачко Вау,Коллекция,https://new.sharik.ru/tovary-dly-prazdnika/r-figura-oblachko-vau-1207-6846/
134753,1207-6847,Р ФИГУРА Сердце Вау,Коллекция,https://new.sharik.ru/tovary-dly-prazdnika/r-figura-serdtse-vau-1207-6847/
134770,1207-6849,Ф ФИГУРА Кубок серебряный,Коллекция,https://new.sharik.ru/tovary-dly-prazdnika/f-figura-kubok-serebrianyi-1207-6849/
134771,1207-6850,Ф ФИГУРА Кубок золотой,Коллекция,https://new.sharik.ru/tovary-dly-prazdnika/f-figura-kubok-zolotoi-1207-6850/
134772,1207-6851,Ф ФИГУРА Корона золотая,Коллекция,https://new.sharik.ru/tovary-dly-prazdnika/f-figura-korona-zolotaia-1207-6851/
134774,1207-6853,Ф ФИГУРА Подводная лодка,Коллекция,https://new.sharik.ru/tovary-dly-prazdnika/f-figura-podvodnaia-lodka-1207-6853/
134799,1207-6855,Р ФИГУРА Бант зефирный,Коллекция,https://new.sharik.ru/tovary-dly-prazdnika/r-figura-bant-zefirnyi-1207-6855/
134800,1207-6856,Р ФИГУРА Бант красный,Коллекция,https://new.sharik.ru/tovary-dly-prazdnika/r-figura-bant-krasnyi-1207-6856/
134801,1207-6857,Р ФИГУРА Бант кремовый,Коллекция,https://new.sharik.ru/tovary-dly-prazdnika/r-figura-bant-kremovyi-1207-6857/
134802,1207-6858,Р ФИГУРА Лампочка Смайл,Коллекция,https://new.sharik.ru/tovary-dly-prazdnika/r-figura-lampochka-smail-1207-6858/
134803,1207-6860,Р ФИГУРА Зайка,Коллекция,https://new.sharik.ru/tovary-dly-prazdnika/r-figura-zaika-1207-6860/
134804,1207-6861,Р ФИГУРА Зайка розовая,Коллекция,https://new.sharik.ru/tovary-dly-prazdnika/r-figura-zaika-rozovaia-1207-6861/
134816,1207-6865,ПД ФИГУРА Лошадь,Коллекция,https://new.sharik.ru/tovary-dly-prazdnika/pd-figura-loshad-1207-6865/
134905,1207-6892,К ФИГУРА Тыква сатин золотой хвостик,Коллекция,https://new.sharik.ru/tovary-dly-prazdnika/k-figura-tykva-satin-zolotoi-khvostik-1207-6892/
134906,1207-6893,К ФИГУРА Тыква сатин полосатая черно-бел,Коллекция,https://new.sharik.ru/tovary-dly-prazdnika/k-figura-tykva-satin-polosataia-cherno-bel-1207-6893/
134908,1207-6895,К ФИГУРА Мяч футбольный золотые крылья,Коллекция,https://new.sharik.ru/tovary-dly-prazdnika/k-figura-miach-futbolnyi-zolotye-krylia-1207-6895/
135047,1207-6899,К ФИГУРА Бутылка пива зеленая,Коллекция,https://new.sharik.ru/tovary-dly-prazdnika/k-figura-butylka-piva-zelenaia-1207-6899/
135273,1207-7021,Р ФИГУРА Бант красный сатин,Коллекция,https://new.sharik.ru/tovary-dly-prazdnika/r-figura-bant-krasnyi-satin-1207-7021/
135480,1207-7052,Ф ФИГУРА Радуга пастель,Коллекция,https://new.sharik.ru/tovary-dly-prazdnika/f-figura-raduga-pastel-1207-7052/
135547,1207-7067,ПД ФИГУРА Шампанское с пузырьками CHEERS,Коллекция,https://new.sharik.ru/tovary-dly-prazdnika/pd-figura-shampanskoe-s-puzyrkami-cheers-1207-7067/
135548,1207-7068,ПД ФИГУРА Виски,Коллекция,https://new.sharik.ru/tovary-dly-prazdnika/pd-figura-viski-1207-7068/
135659,1207-7119,Р ФИГУРА Бутылочка бежевая,Коллекция,https://new.sharik.ru/tovary-dly-prazdnika/r-figura-butylochka-bezhevaia-1207-7119/
135660,1207-7120,Р ФИГУРА Бутылочка голубая,Коллекция,https://new.sharik.ru/tovary-dly-prazdnika/r-figura-butylochka-golubaia-1207-7120/
135661,1207-7121,Р ФИГУРА Бутылочка розовая,Коллекция,https://new.sharik.ru/tovary-dly-prazdnika/r-figura-butylochka-rozovaia-1207-7121/
135662,1207-7122,Р ФИГУРА Ножка бежевая,Коллекция,https://new.sharik.ru/tovary-dly-prazdnika/r-figura-nozhka-bezhevaia-1207-7122/
135663,1207-7123,Р ФИГУРА Ножка голубая,Коллекция,https://new.sharik.ru/tovary-dly-prazdnika/r-figura-nozhka-golubaia-1207-7123/
135664,1207-7124,Р ФИГУРА Ножка розовая,Коллекция,https://new.sharik.ru/tovary-dly-prazdnika/r-figura-nozhka-rozovaia-1207-7124/
135808,1207-7165,К ФИГУРА Три Кота Лапочка,Торговая марка,https://new.sharik.ru/tovary-dly-prazdnika/k-figura-tri-kota-lapochka-1207-7165/
135809,1207-7166,К ФИГУРА Три Кота Карамелька Принцесса,Торговая марка,https://new.sharik.ru/tovary-dly-prazdnika/k-figura-tri-kota-karamelka-printsessa-1207-7166/
