article,name
"1207-7119","Р ФИГУРА Бутылочка бежевая"
"1207-7120","Р ФИГУРА Бутылочка голубая"
"1207-7165","К ФИГУРА Три Кота Лапочка"
"1207-7122","Р ФИГУРА Ножка бежевая"
"1207-7124","Р ФИГУРА Ножка розовая"
"1207-7123","Р ФИГУРА Ножка голубая"
"1207-7166","К ФИГУРА Три Кота Карамелька Принцесса"
"1207-7121","Р ФИГУРА Бутылочка розовая"
"1207-7060","ПД ФИГУРА Бокал Апероли"
"1207-7068","ПД ФИГУРА Виски"
"1207-7059","ПД ФИГУРА Коктейль SUMMER VIBES"
"1207-7067","ПД ФИГУРА Шампанское с пузырьками CHEERS"
"1207-7052","Ф ФИГУРА Радуга пастель"
"1207-7051","Ф ФИГУРА Голова Единорога пастель"
"1207-7048","Р ФИГУРА Колокольчик школьный"
"1207-6937","Ф ФИГУРА Кубок футбольный"
"1207-7053","Ф ФИГУРА Акула"
"1207-7021","Р ФИГУРА Бант красный сатин"
"1207-6936","Ф ФИГУРА Панда красная"
"1207-6933","Ф ФИГУРА Аэроплан"
"1207-6934","Ф ФИГУРА Вертолетик"
"1207-6932","Ф ФИГУРА Сердце со стрелой"
"1207-7054","Ф ФИГУРА Хамелеон"
"1207-6923","К ФИГУРА Овечка с бантом сатин кремовый"
"1207-6922","К ФИГУРА Бант горошек сатин красный"
"1207-6921","К ФИГУРА Бант горошек сатин розовый"
"1207-6920","К ФИГУРА Бант горошек сатин черный"
"1207-6917","К ФИГУРА Бабочка нежная сатин голубая"
"1207-6918","К ФИГУРА Кошка бант золотой"
"1207-6919","К ФИГУРА Бант горошек сатин шоколадный"
"1207-6916","К ФИГУРА Бабочка нежная сатин сиреневая"
"1207-6914","К ФИГУРА Бабочка узоры золотые кремовая"
"1207-6915","К ФИГУРА Бабочка нежная сатин розовая"
"1207-6913","К ФИГУРА Бабочка узоры золотые розовая"
"1207-6912","К ФИГУРА Бабочка узоры золотые сиреневая"
"1207-6911","К ФИГУРА Бабочка узоры золотые оранжевая"
"1207-6910","К ФИГУРА Машина Грузовик зеленый сатин"
"1207-6908","К ФИГУРА Экскаватор сатин"
"1207-6909","К ФИГУРА Машина Самосвал сатин"
"1207-6893","К ФИГУРА Тыква сатин полосатая черно-бел"
"1207-6892","К ФИГУРА Тыква сатин золотой хвостик"
"1207-6862","Р ФИГУРА Машинка ретро"
"1207-6861","Р ФИГУРА Зайка розовая"
"1207-6860","Р ФИГУРА Зайка"
"1207-6857","Р ФИГУРА Бант кремовый"
"1207-6856","Р ФИГУРА Бант красный"
"1207-6855","Р ФИГУРА Бант зефирный"
"1207-6858","Р ФИГУРА Лампочка Смайл"
"1207-6823","К ФИГУРА Три Кота Карамелька Фея"
"1207-6853","Ф ФИГУРА Подводная лодка"
"1207-6852","Ф ФИГУРА Кораблик пиратский"
"1207-6851","Ф ФИГУРА Корона золотая"
"1207-6850","Ф ФИГУРА Кубок золотой"
"1207-6849","Ф ФИГУРА Кубок серебряный"
"1207-6848","Ф ФИГУРА Черепашка"
"1207-6846","Р ФИГУРА Облачко Вау"
"1207-6840","ПД ФИГУРА Полосатая Тыква Cream-Black"
"1207-6841","ПД ФИГУРА Тыква Orange"
"1207-6847","Р ФИГУРА Сердце Вау"
"1207-6743","К ФИГУРА Бокал Апероль"
"1207-6793","К ФИГУРА Пион розовый"
"1207-6791","К ФИГУРА Бутылка Виски ИДЕАЛЬНАЯ ВЫДЕРЖК"
"1207-6732","Р ФИГУРА ВСЁ БУДЕТ УТИ ПУТИ Уточка"
"1207-6730","Р ФИГУРА Самолет с медведем"
"1207-6731","Р ФИГУРА Пчелка"
"1207-6729","Р ФИГУРА Медведь пилот"
"1207-6728","Р ФИГУРА Хаски"
"1207-6724","Р ФИГУРА ПРИВЕТ МАЛЫШКА золото"
"1207-6726","Р ФИГУРА ПРИВЕТ МАЛЫШКА серебро"
"1207-6727","Р ФИГУРА Корги"
"1207-6719","Р ФИГУРА ПРИВЕТ МАЛЫШ серебро"
"1207-6718","Р ФИГУРА ПРИВЕТ МАЛЫШ золото"
"1207-6715","Р ФИГУРА Лошадка Золотая роспись"
"1207-6716","Р ФИГУРА Матрешка Русский узор"
"1207-6717","Р ФИГУРА Матрешка Золотая роспись"
"1207-6713","Р ФИГУРА Король дня"
"1207-6714","Р ФИГУРА Лошадка Русский узор"
"1207-6712","Р ФИГУРА Кит"
"1207-6711","Р ФИГУРА Динозаврик розовый"
"1207-6710","Р ФИГУРА Акула"
"1207-6705","Ф ФИГУРА Мишка белый"
"1207-6704","Ф ФИГУРА Балерина"
"1207-6700","Р ФИГУРА Левушка"
"1207-6699","Р ФИГУРА Бегемотик"
"1207-6698","Р ФИГУРА Слоненок"
"1207-6694","Р ФИГУРА С РОЖДЕНИЕМ ДОЧКИ Коляска"
"1207-6692","Р ФИГУРА Медведица принцесса с сердечком"
"1207-6693","Р ФИГУРА С РОЖДЕНИЕМ СЫНА Коляска"
"1207-6690","Р ФИГУРА Мишка принц с сердечком"
"1207-6678","Р ФИГУРА ТВОЯ ЛЮБОВЬ ОКРЫЛЯЕТ МЕНЯ"
"1207-6677","Р ФИГУРА Тихий омут"
"1207-6676","Г ФИГУРА HB Ежик в колпачке"
"1207-6675","Г ФИГУРА Мишка в ромашке"
"1207-6674","Г ФИГУРА Кошечка кокетка"
"1207-6673","Г ФИГУРА HB Мобильник блеск"
"1207-6672","Г ФИГУРА Утенок"
"1207-6670","Б ФИГУРА Бант красный"
"1207-6668","Б ФИГУРА Медведь с букетом"
"1207-6664","Р ФИГУРА Динозаврик"
"1207-6650","Ф ФИГУРА Божья коровка"
"1207-6653","Ф ФИГУРА Машинка Полиция"
"1207-6652","Ф ФИГУРА Лисичка"
"1207-6643","Р ФИГУРА Пингвин"
"1207-6642","Р ФИГУРА Дед Мороз"
"1207-6651","Ф ФИГУРА Такса"
"1207-6608","Р ФИГУРА Облачко небесное"
"1207-6607","Р ФИГУРА Облачко зефирное"
"1207-6498","Г ФИГУРА Эльф плюшевая кукла коричневая"
"1207-6499","Б ФИГУРА Зайка розовый"
"1207-6496","Г ФИГУРА Эльф плюшевая кукла розовая"
"1207-6494","Г ФИГУРА Елка кремовая"
"1207-6495","Г ФИГУРА Леденец шоколадно-кремовый"
"1207-6497","Г ФИГУРА Эльф плюшевая кукла голубая"
"1207-6491","Р ФИГУРА Облачко белое"
"1207-6452","Р ФИГУРА Бабл С ДР"
"1207-6311","Г ФИГУРА Кролик белый"
"1207-6310","Г ФИГУРА Кот черный"
"1207-6309","Г ФИГУРА Мишка"
"1207-6308","Б ФИГУРА BABY Мишка"
"1207-6277","Г ФИГУРА HB Зайка в кексе"
"1207-6276","Г ФИГУРА Капибара"
"1207-6273","Б ФИГУРА HB Такса в колпаке"
"1207-6275","Г ФИГУРА Далматин нарядный"
"1207-6271","Б ФИГУРА Бант розовый"
"1207-6242","Ф ФИГУРА Капибара"
"1207-6193","Ф ФИГУРА Облако голубое"
"1207-6186","Ф ФИГУРА Цветок Ромашка"
"1207-6185","Ф ФИГУРА Пес Коббердог"
"1207-6188","Ф ФИГУРА Милая пчелка"
"1207-6009","Ф ФИГУРА Гусеница"
"1207-6008","Ф ФИГУРА Школьный автобус"
"1207-6006","Ф ФИГУРА Динозаврик Рекс"
"1207-6007","Ф ФИГУРА Динозаврик Дипло"
"1207-6005","Ф ФИГУРА Гном"
"1207-5895","Р ФИГУРА Котик Лапочка"
"1207-6197","Б ФИГУРА HAPPY BIRTHDAY Торт конфетти"
"1207-6195","Ф ФИГУРА Облако розовое"
"1207-6194","Ф ФИГУРА Облако кремовое"
"1207-5847","Р ФИГУРА УЧЕНИЕ ЭТО СВЕТ Лампочка"
"1207-5801","Ф ФИГУРА Щелкунчик"
"1207-5800","Ф ФИГУРА Голова Санты"
"1207-5796","Ф ФИГУРА Голова Собаки"
"1207-5799","Ф ФИГУРА Голова Акулы"
"1207-5798","Ф ФИГУРА Голова Выдры"
"1207-5795","Ф ФИГУРА Краб"
"1207-5766","Г ФИГУРА Самосвал"
"1207-5765","Г ФИГУРА Козлик"
"1207-5764","Г ФИГУРА Дельфин с короной"
"1207-5943","Б ФИГУРА HAPPY BIRTHDAY Робот"
"1207-5935","Б ФИГУРА Голова Снеговика"
"1207-5896","Б ФИГУРА BACK TO SCHOOL Рюкзак"
"1207-5761","Г ФИГУРА Единорог морской"
"1207-5760","Г ФИГУРА Мышонок"
"1207-5758","Г ФИГУРА Лошадка"
"1207-5759","Г ФИГУРА Храбрый рыцарь"
"1207-5756","Б ФИГУРА Гусеница"
"1207-5751","Б ФИГУРА Гитара"
"1207-5750","Б ФИГУРА Саксофон"
"1207-5966","Ф ФИГУРА Утенок"
"1207-5965","Ф ФИГУРА Голова Пирата"
"1207-5964","Ф ФИГУРА Морской конек"
"1207-5963","Ф ФИГУРА Монстрик розовый"
"1207-5962","Ф ФИГУРА Монстрик лиловый"
"1207-5961","Ф ФИГУРА Монстрик зеленый"
"1207-5960","Ф ФИГУРА Монстрик желтый"
"1207-5959","Ф ФИГУРА Вампир"
"1207-5985","Г ФИГУРА AIR Олененок"
"1207-5967","Ф ФИГУРА Цыпленок в скорлупе"
"1207-5692","К ФИГУРА Синий трактор 3D"
"1207-5671","Р ФИГУРА Малыш в облаках"
"1207-5670","Р ФИГУРА Малышка в облаках"
"1207-5664","Г ФИГУРА Бобер"
"1207-5661","Г ФИГУРА Динозаврик голубой в короне"
"1207-5653","К ФИГУРА Буба"
"1207-5654","К ФИГУРА Синий трактор"
"1207-5636","Г ФИГУРА AIR Эльф"
"1207-5637","Г ФИГУРА AIR Пряничный домик"
"1207-5634","Г ФИГУРА Коньки ледовые"
"1207-5632","Г ФИГУРА Малыш Франкенштейн"
"1207-5630","Г ФИГУРА AIR Вампир"
"1207-5582","Г ФИГУРА Щенок Блу"
"1207-5552","Ф ФИГУРА Летучая мышь"
"1207-5551","Ф ФИГУРА Тыква"
"1207-5553","Ф ФИГУРА Паучок"
"1207-5581","Г ФИГУРА Соник"
"1207-5724","Ф ФИГУРА Робот синий"
"1207-5725","Ф ФИГУРА Робот красный"
"1207-5723","Ф ФИГУРА Монстр оранжевый"
"1207-5522","Ф ФИГУРА Rainbow High Белла Паркер"
"1207-5519","Ф ФИГУРА Дельфин милый"
"1207-5520","Ф ФИГУРА Дельфин милый розовый"
"1207-5448","Г ФИГУРА Фея"
"1207-5449","Г ФИГУРА Панда красная"
"1207-5447","Г ФИГУРА Русалка в короне"
"1207-5444","Г ФИГУРА Подводная лодка"
"1207-5443","Г ФИГУРА Кит веселый"
"1207-5442","Г ФИГУРА AIR Единорог"
"1207-5441","Г ФИГУРА AIR MY BABY Мишка"
"1207-5440","Г ФИГУРА AIR Бутылка виски"
"1207-5439","Г ФИГУРА AIR GIRL OR BOY Вопрос"
"1207-5436","Б ФИГУРА HAPPY HOLIDAYS Олень"
"1207-5326","Ф ФИГУРА Единорог спящий"
"1207-5325","Ф ФИГУРА Зайка веселый"
"1207-5428","Б ФИГУРА Жираф"
"1207-5427","Б ФИГУРА Лев"
"1207-5426","Б ФИГУРА HB Экскаватор"
"1207-5417","Б ФИГУРА HB Торт со свечками"
"1207-5238","П ФИГУРА 5 Динозавр Стегозавр красный"
"1207-5219","Ф ФИГУРА Голова Обезьяны"
"1207-5218","Ф ФИГУРА Голова Крокодила"
"1207-5217","Ф ФИГУРА Голова Зебры"
"1207-5216","Ф ФИГУРА Голова Коровы"
"1207-5215","Ф ФИГУРА Голова Бегемота"
"1207-5214","Ф ФИГУРА Голова Кота"
"1207-5211","Ф ФИГУРА Кольцо золотое"
"1207-5209","Ф ФИГУРА Кролик салатовый"
"1207-5154","Г ФИГУРА AIR Замок волшебный"
"1207-5153","Г ФИГУРА Динозавр реалистичный"
"1207-5151","Г ФИГУРА Голова Зайки"
"1207-5152","Г ФИГУРА Динозаврик в короне"
"1207-5149","Г ФИГУРА Облако голубое"
"1207-5148","Г ФИГУРА Облако розовое"
"1207-5135","Ф ФИГУРА Пони Санни"
"1207-5063","Ф ФИГУРА Уточка"
"1207-5062","Ф ФИГУРА Пряничный человечек"
"1207-5061","Ф ФИГУРА Пони Иззи"
"1207-5057","Ф ФИГУРА Свинка Пеппа Джордж"
"1207-4941","Р ФИГУРА Кошка черная голова"
"1207-4931","Г ФИГУРА Ведьма милая"
"1207-4930","Г ФИГУРА Летучая мышь сверкающая"
"1207-4928","Г ФИГУРА Тыква голубая"
"1207-4926","Г ФИГУРА Тыква розовая"
"1207-4927","Г ФИГУРА Тыква зеленая"
"1207-4925","Г ФИГУРА Тыква лиловая"
"1207-4923","Г ФИГУРА Щелкунчик пастель"
"1207-4924","Г ФИГУРА Белый мишка"
"1207-4808","Б ФИГУРА Слон"
"1207-4805","Б ФИГУРА Кеды"
"1207-4802","Б ФИГУРА Лист кленовый блеск"
"1207-4733","Ф ФИГУРА Леденец розово-белый"
"1207-4731","Р ФИГУРА Корона золотая"
"1207-4695","Р ФИГУРА Бант голубой"
"1207-4690","Ф ФИГУРА След розовый"
"1207-4688","Ф ФИГУРА Косточка розовая"
"1207-4689","Ф ФИГУРА След черный"
"1207-4619","Ф ФИГУРА Динозавр Трицератопс"
"1207-4618","Ф ФИГУРА Динозавр Трицератопс розовый"
"1207-4617","Ф ФИГУРА Динозавр Трицератопс голубой"
"1207-4603","Г ФИГУРА Голова кошки белая в короне"
"1207-4602","Г ФИГУРА Голова кошки черная в короне"
"1207-4593","Р ФИГУРА Три Кота Голова Коржик"
"1207-4594","Ф ФИГУРА Медвежонок с сердцем"
"1207-4590","Р ФИГУРА Три Кота Голова Компот"
"1207-4582","Ф ФИГУРА Тигр"
"1207-4551","Ф ФИГУРА Санта"
"1207-4550","Ф ФИГУРА Елочка"
"1207-4549","Ф ФИГУРА Эльф с подарком"
"1207-4541","Г ФИГУРА Тыква"
"1207-4543","Г ФИГУРА Леденец бело-розовый"
"1207-4540","Г ФИГУРА AIR Елочка"
"1207-4519","Г ФИГУРА Щелкунчик"
"1207-4475","Ф ФИГУРА Кот черный"
"1207-4473","Ф ФИГУРА Привидение"
"1207-4474","Ф ФИГУРА Ведьма на метле"
"1207-4439","Ф ФИГУРА Попугай"
"1207-4440","Ф ФИГУРА Космонавт"
"1207-4436","Ф ФИГУРА Леденец красно-белый"
"1207-4437","Ф ФИГУРА Леденец зелено-красно-белый"
"1207-4435","Ф ФИГУРА Солнце"
"1207-4434","Ф ФИГУРА Облако"
"1207-4432","Ф ФИГУРА Ракета синяя"
"1207-4338","Б ФИГУРА HB Щенок в колпаке"
"1207-4329","Г ФИГУРА Голова кошки в короне"
"1207-4334","Б ФИГУРА HB TO ONE COOL CAT Кот"
"1207-4337","Б ФИГУРА Котёнок в колпаке"
"1207-4335","Б ФИГУРА HB Кекс пастель блеск"
"1207-4322","Ф ФИГУРА Дракон зеленый"
"1207-4319","Ф ФИГУРА Дракон"
"1207-4318","Ф ФИГУРА LEVEL UP Джойстик игровой"
"1207-4321","Ф ФИГУРА Дракон оранжевый"
"1207-4292","Ф ФИГУРА Кактус в розовом кашпо"
"1207-4286","Ф ФИГУРА Динозавр"
"1207-4293","Ф ФИГУРА Сова"
"1207-4291","Ф ФИГУРА Кактус в голубом кашпо"
"1207-4263","Б ФИГУРА Сердитая Кошка в колпаке"
"1207-4262","Б ФИГУРА Сердитая Кошка"
"1207-4259","Ф ФИГУРА Аист с мальчиком"
"1207-4260","Ф ФИГУРА Аист с девочкой"
"1207-4257","Ф ФИГУРА Бутылка IT'S A BOY голубая"
"1207-4258","Ф ФИГУРА Бутылка IT'S A GIRL розовая"
"1207-4235","Ф ФИГУРА Авокадо"
"1207-4219","Г ФИГУРА Мистер Пи-Пи Леопард"
"1207-4218","Г ФИГУРА Голова Коалы"
"1207-4220","Г ФИГУРА Мадам Си-Си Леопард"
"1207-4214","Ф ФИГУРА Голова Лисы"
"1207-4210","Ф ФИГУРА Голова Слона розовая"
"1207-4207","Ф ФИГУРА Голова Панды"
"1207-4215","Ф ФИГУРА Голова Львенка"
"1207-4212","Ф ФИГУРА Голова Овечки"
"1207-4206","Ф ФИГУРА Голова Поросенка"
"1207-4198","К ФИГУРА Три Кота Компот"
"1207-4199","К ФИГУРА Три Кота Коржик"
"1207-4073","Г ФИГУРА Голова Лисы"
"1207-4080","Б ФИГУРА Елка новогодняя блеск"
"1207-4069","Г ФИГУРА Голова Санты"
"1207-4065","Б ФИГУРА Тыква"
"1207-3751","Ф ФИГУРА Коала"
"1207-3753","Ф ФИГУРА Кот-Единорог розовый"
"1207-3752","Ф ФИГУРА Кот-Единорог голубой"
"1207-3741","Ф ФИГУРА Трансформер Оптимус Прайм"
"1207-3740","Ф ФИГУРА Трансформер Бамблби"
"1207-3713","Ф ФИГУРА Супер Кот"
"1207-3620","Ф ФИГУРА Скелет"
"1207-4045","Ф ФИГУРА Трактор синий"
"1207-4028","К ФИГУРА Три Кота Карамелька"
"1207-3924","Ф ФИГУРА Лама"
"1207-3921","Ф ФИГУРА Экскаватор"
"1207-3607","Г ФИГУРА Ужасная тыква"
"1207-3580","Ф ФИГУРА Куклы ЛОЛ DIVA"
"1207-3581","Ф ФИГУРА Куклы ЛОЛ MC SWAG"
"1207-3579","Ф ФИГУРА Куклы ЛОЛ QUEEN BEE"
"1207-3547","Б ФИГУРА Губы блеск"
"1207-3578","Ф ФИГУРА HAPPY BEER-DAY Кружка пивная"
"1207-3545","Б ФИГУРА Кружка пивная"
"1207-3548","Б ФИГУРА Маска чёрная"
"1207-3541","Ф ФИГУРА Машина красная"
"1207-3470","Б ФИГУРА Облако спящее"
"1207-3472","Б ФИГУРА Зайка"
"1207-3456","Ф ФИГУРА Единорог радужный"
"1207-3455","Ф ФИГУРА Единорог розовый"
"1207-3473","Б ФИГУРА Оленёнок"
"1207-3451","Ф ФИГУРА Пони фиолетовый"
"1207-3490","Г ФИГУРА Машина Полиция"
"1207-3375","Б ФИГУРА CHEERS NEW YEAR Бутылка шамп"
"1207-3407","Ф ФИГУРА Русалочка с ракушкой"
"1207-3376","Б ФИГУРА HNY Бокал шампанского"
"1207-3319","Б ФИГУРА Пицца"
"1207-3317","Б ФИГУРА Чизбургер"
"1207-3240","Б ФИГУРА Енот"
"1207-3237","Б ФИГУРА Кольцо с бриллиантом голография"
"1207-3236","Б ФИГУРА Джойстик для игры"
"1207-0437","Ф ФИГУРА Акула большая синяя"
"1207-0456","Ф ФИГУРА Динозавр голубой"
"1207-0463","Ф ФИГУРА Зебра черная"
"1207-0468","Ф ФИГУРА Лев"
"1207-3239","Б ФИГУРА Лиса"
"1207-3211","Ф ФИГУРА Машина Полиция"
"1207-3197","Г ФИГУРА Машина гоночная серая"
"1207-3195","Г ФИГУРА Машина гоночная красная"
"1207-3121","Б ФИГУРА Леденец трость карамельная"
"1207-3059","Ф ФИГУРА Единорог радужный голова"
"1207-3044","Ф ФИГУРА Леди Баг"
"1207-0408","Ф ФИГУРА Кролик синий"
"1207-0799","Ф ФИГУРА Машина Тачка"
"1207-1410","Ф ФИГУРА Вертолет милитари"
"1207-1412","Ф ФИГУРА Машина пожарная"
"1207-1633","Ф ФИГУРА Машина Тачка голубая"
"1207-1634","Ф ФИГУРА Самолет оранжевый"
"1207-1636","Ф ФИГУРА Мотоцикл черный"
"1207-1500","Ф ФИГУРА Тигренок"
"1207-1502","Ф ФИГУРА Сердце с мишкой ILY"
"1207-1413","Ф ФИГУРА Сердце с ручками"
"1207-1135","Ф ФИГУРА Фламинго розовый"
"1207-1141","Ф ФИГУРА Самолет синий"
"1207-1152","Ф ФИГУРА Самолет красный"
"1207-1153","Ф ФИГУРА Принцесса"
"1207-1123","Ф ФИГУРА Внедорожник синий"
"1207-1121","Ф ФИГУРА Внедорожник зеленый"
"1207-1122","Ф ФИГУРА Внедорожник красный"
"1207-2138","Ф ФИГУРА Коляска детская голубая"
"1207-2139","Ф ФИГУРА Коляска детская розовая"
"1207-2048","Ф ФИГУРА Снеговик весёлый"
"1207-1044","Ф ФИГУРА Панда"
"1207-0831","Ф ФИГУРА Мотоциклист синий"
"1207-0830","Ф ФИГУРА Мотоциклист красный"
"1207-1283","Ф ФИГУРА Поезд голубой"
"1207-1043","Ф ФИГУРА Корабль пиратский черный"
"1207-1284","Ф ФИГУРА Поезд зеленый"
"1207-1056","Ф ФИГУРА Джип синий"
"1207-1071","Ф ФИГУРА Джип милитари"
"1207-1055","Ф ФИГУРА Джип красный"
"1207-1132","Ф ФИГУРА Трактор оранжевый"
"1207-1133","Ф ФИГУРА Трактор красный"
"1207-1134","Ф ФИГУРА Трактор зеленый"
"1207-2189","Ф ФИГУРА Щенок в желтом"
"1207-2188","Ф ФИГУРА Щенок в розовом"
"1207-1961","Ф ФИГУРА Вертолет Полиция"
"1207-1962","Ф ФИГУРА Малыш мальчик"
"1207-1963","Ф ФИГУРА Малыш девочка"
"1207-2004","Ф ФИГУРА Кролик розовый"
"1207-1885","Ф ФИГУРА Кошечка с шарфом голубая"
"1207-1899","Ф ФИГУРА Пони голубой"
"1207-1898","Ф ФИГУРА Пони розовый"
